id,visao_id,origem_no_id,destino_no_id
00babdcc-3980-439e-9dc7-f83db5ed5e2a,6561c960-fc14-42f5-8963-be39c5954e00,597b849f-b25a-48dc-97c3-d83c5a5b2d38,6cc13f26-d6bf-4b48-b0cd-0ed5b1af1329
034d8c47-864a-4204-8474-49256ad4e81d,b50fd673-8d58-4180-b2ef-47955935fdae,518183c1-4129-4f11-8ada-3a53b360a51c,2483424a-b988-449d-b732-eda114114e46
05cdc122-b019-4104-b6a0-f0a01a5aa08b,b50fd673-8d58-4180-b2ef-47955935fdae,e2aabdcb-d3d7-45c8-a88a-58be442b292f,6905faf9-89fb-4197-a556-21631ac4560c
06c69e04-879d-4898-b067-52d5f223ea8d,8be27730-7d15-4b10-8a96-1c83e2ea7acf,d8ac587f-c460-4517-a453-23ee98186fd1,421827cc-6dce-47e8-8ddb-86a1c57e7abe
0eb98fbd-e5f4-4e6d-b3db-4dcdb0bda5c1,6561c960-fc14-42f5-8963-be39c5954e00,b86ad7c7-f503-4d2b-a22c-49de1b9148f2,a4096ee8-a7e0-48e2-bd66-f4572c128542
13592e34-48d4-434a-8f3b-1a97bd8ab0fb,a800b9b6-e423-4c3b-ab36-e61bb52d24f3,6171c950-bac2-41a1-a7a3-901f923d4339,480c8789-5d49-46cb-8d22-a6c9bae3e7af
1470b6d2-4c4e-48ed-9fe9-d0c2493833ee,d24bce9e-98e4-48b6-919d-195e5919096e,e5faa6e8-a0d2-43b3-b379-7aee6f0a5731,b65dca56-542c-4d26-8b59-a752f6baa4cc
150583fc-1a6c-4a7e-94fb-4d7ecc4bc020,a800b9b6-e423-4c3b-ab36-e61bb52d24f3,501fc796-8e86-421c-95b4-91c34586069b,480c8789-5d49-46cb-8d22-a6c9bae3e7af
16374129-0b5b-491a-b892-2ae54e5cb67c,8be27730-7d15-4b10-8a96-1c83e2ea7acf,421827cc-6dce-47e8-8ddb-86a1c57e7abe,bcddab1e-21c9-4c39-a795-3fe0c2903754
1751e3f8-553b-4865-8cbe-6cf5c9e1acd3,b50fd673-8d58-4180-b2ef-47955935fdae,b787f7d0-ea7e-434f-b7bf-0c5f33c51bac,e2aabdcb-d3d7-45c8-a88a-58be442b292f
18a94436-c614-432d-92e1-b2b6ecb59f3f,8be27730-7d15-4b10-8a96-1c83e2ea7acf,0411c16b-2552-449f-b809-eac3c1ca8339,421827cc-6dce-47e8-8ddb-86a1c57e7abe
18e1d380-d6c4-4771-8de4-a6f2e3725552,e7843f54-a3a7-4e54-8149-7217496fcd6e,77c63ba7-bd30-4175-8cee-716a8e8a65c0,0b240aff-4a75-4b15-8f19-6d06e46e68d5
1b0c22c6-0ac9-458b-8824-7d0dc986c1da,a800b9b6-e423-4c3b-ab36-e61bb52d24f3,fb69e52c-71ac-4c7d-9a47-df41cdd232f3,480c8789-5d49-46cb-8d22-a6c9bae3e7af
1b867f04-956c-497c-a735-0b522416d0ae,a800b9b6-e423-4c3b-ab36-e61bb52d24f3,7bff1a30-b849-4ae5-9c09-6982db167843,5bb59e44-d308-4afa-82c7-db6878323f7e
1cc5d592-9ce1-413b-b2f8-9852aa493a22,e7843f54-a3a7-4e54-8149-7217496fcd6e,7e50a30b-867a-448d-a3d5-92533c9662ec,63ce14a0-5396-48b8-a3e4-a0a1c7aea93b
1fdbf8e5-82ac-49e9-97ba-ad17cfa4c321,bcac9f5d-a0c5-43d6-9739-e13737ef3a1c,7cf7262b-bfe5-4f1d-9850-f0448a2cab77,1edc9c9b-2f75-42a9-a525-dd145a4d0afb
2002be92-9c13-4350-8f2f-a706b6a9fb6e,bb4ff8f0-77fe-4589-b2ff-63f0d04b314d,fbbee5e3-fc2d-48e3-a93c-966b00243bfd,204de4dd-6ab9-4221-8bcc-c45d1aae4dfc
20d9fc81-9e8f-4354-a56a-06a97e91ccc5,1cd56d67-2891-4b44-8873-4611318e8270,dce2ba97-24ec-46b1-9184-f660965d510c,d4df8413-6314-4612-b20f-6aaa2b67e187
23f324bf-acb1-4b9d-af0f-51c11b41417c,a800b9b6-e423-4c3b-ab36-e61bb52d24f3,c4482cfc-cf15-4c81-9cd2-837f00886f89,5bb59e44-d308-4afa-82c7-db6878323f7e
24a9c0cc-bb65-4341-93e5-9833895a1d6e,a800b9b6-e423-4c3b-ab36-e61bb52d24f3,7bff1a30-b849-4ae5-9c09-6982db167843,480c8789-5d49-46cb-8d22-a6c9bae3e7af
25d184c5-2c0e-43fe-a2cd-c369fbd473ac,8be27730-7d15-4b10-8a96-1c83e2ea7acf,bcddab1e-21c9-4c39-a795-3fe0c2903754,4f6a251f-0cbb-404d-b157-8037d0a15717
26003fcf-40cf-4e8c-b2d9-84d3be236cfb,1cd56d67-2891-4b44-8873-4611318e8270,488234db-0a35-4cbb-a807-6cf12870ee0f,d4df8413-6314-4612-b20f-6aaa2b67e187
2ac9e1d4-f9dc-4fb7-ad14-25f532213f9f,6561c960-fc14-42f5-8963-be39c5954e00,5a27dea7-5bc9-4a28-a915-ece6e7bb6019,df9707b5-0143-4134-9f7f-dbb6078729d0
2ad64b9b-847d-458a-a5a0-4f14b60204db,e7843f54-a3a7-4e54-8149-7217496fcd6e,0f10f97b-0197-40f8-8693-df04882eaf78,0b240aff-4a75-4b15-8f19-6d06e46e68d5
2ede40ec-70b2-46aa-b973-0b38d517e52a,1cd56d67-2891-4b44-8873-4611318e8270,715f0233-1b5a-4de2-b55d-358f6010c956,d4df8413-6314-4612-b20f-6aaa2b67e187
332b6ee8-0574-4e7e-b6f1-122486ebed1c,bcac9f5d-a0c5-43d6-9739-e13737ef3a1c,e5092d1c-8173-4674-b271-bea03ad9ef0f,1edc9c9b-2f75-42a9-a525-dd145a4d0afb
33c3fcff-3aa4-4a6f-8ecf-d2e6de14d3cd,a800b9b6-e423-4c3b-ab36-e61bb52d24f3,480c8789-5d49-46cb-8d22-a6c9bae3e7af,3c5d7fde-b991-4b61-bc1e-475543d54b21
3923a3c7-f309-4617-b507-fdef351020d6,6561c960-fc14-42f5-8963-be39c5954e00,6c299968-2e66-4b26-bd03-562adc55d819,df9707b5-0143-4134-9f7f-dbb6078729d0
3a424716-5895-4378-bfd3-fbd111898207,bb4ff8f0-77fe-4589-b2ff-63f0d04b314d,89211d47-7ad6-4e73-9a08-9022f7883b61,204de4dd-6ab9-4221-8bcc-c45d1aae4dfc
3d738746-5f7c-46f2-a00e-8431cb962c8d,6561c960-fc14-42f5-8963-be39c5954e00,7c58a6f1-e445-4da3-bbdf-b66ada1f7252,6cc13f26-d6bf-4b48-b0cd-0ed5b1af1329
3dfcda04-b3af-471a-b7fa-003d2fa7a366,414bfec8-e824-4e0d-983e-dbd17d1c28b4,c2d1d1a1-b5f9-4489-9a47-9244b672c3e4,87597379-a6c3-4eb5-89f3-cd135d8791f7
3e6b6ef1-6af0-4299-8be6-6914cd2e99fc,d24bce9e-98e4-48b6-919d-195e5919096e,146b78e5-0e15-442c-95a0-6fae2fc9c45b,e45304b6-ad4d-422a-85cb-35dc47f9f31d
3e820626-b359-40b0-88f5-3d44071c46a6,8be27730-7d15-4b10-8a96-1c83e2ea7acf,3d946988-ace5-4fbe-998a-b4e464b6efd3,421827cc-6dce-47e8-8ddb-86a1c57e7abe
3fe42333-45ce-4857-abdf-4124917b6244,a800b9b6-e423-4c3b-ab36-e61bb52d24f3,717433f9-8c43-4e56-89ea-b23c06af7ff0,480c8789-5d49-46cb-8d22-a6c9bae3e7af
40c832d0-8731-4ebb-9c08-c80dbdced583,b50fd673-8d58-4180-b2ef-47955935fdae,c9f346d4-01f1-4939-9d1a-20ba422df534,6905faf9-89fb-4197-a556-21631ac4560c
417c1e6f-ce0d-4250-80b8-b9586326964a,bcac9f5d-a0c5-43d6-9739-e13737ef3a1c,1edc9c9b-2f75-42a9-a525-dd145a4d0afb,0b6d865a-e0de-441a-b1db-3ebe6a070baf
42395a67-6cf0-4b56-8d3f-adc820182af1,414bfec8-e824-4e0d-983e-dbd17d1c28b4,1539cc32-a19f-4d2b-a74e-fd2aae643e6a,c2d1d1a1-b5f9-4489-9a47-9244b672c3e4
427dab75-45c2-4cd6-8729-6a267cd7ea10,414bfec8-e824-4e0d-983e-dbd17d1c28b4,8985acc9-f7cc-4fca-9b15-578ff7c2ccd0,1539cc32-a19f-4d2b-a74e-fd2aae643e6a
43bf8a8d-c2d9-49d6-b4f1-c8badddda0bc,a800b9b6-e423-4c3b-ab36-e61bb52d24f3,e1d4be61-c909-45f5-bd0a-2497254934e9,5bb59e44-d308-4afa-82c7-db6878323f7e
487e978d-5480-4877-b2ce-f421d149795e,bcac9f5d-a0c5-43d6-9739-e13737ef3a1c,b4e490b8-e3b1-4599-9837-125cda98dd59,4015051c-41c2-4b8d-a2bc-b2e770c3473d
4a579633-3154-46ce-b102-2b1d7b2a538e,8be27730-7d15-4b10-8a96-1c83e2ea7acf,4f6a251f-0cbb-404d-b157-8037d0a15717,ef4ae40e-ce6d-413a-96df-5fa44e512524
4adc559c-0c53-471d-ae67-75ada28d4e15,6561c960-fc14-42f5-8963-be39c5954e00,6c51f849-f513-478c-8791-f619aa64e6d9,07b3834f-5457-452b-9792-39297fd7f40a
4afb5ee4-18bc-4ee0-bca1-ac1fbe8962f2,b50fd673-8d58-4180-b2ef-47955935fdae,7301bd71-077f-4b7e-8a43-b794f0a9b553,2483424a-b988-449d-b732-eda114114e46
4b718968-4165-446f-8669-fd1a72d0f6df,e7843f54-a3a7-4e54-8149-7217496fcd6e,4a5d452b-8a24-49f7-ba55-f27c602e29e3,0b240aff-4a75-4b15-8f19-6d06e46e68d5
4c824cd2-0e90-4181-b7d5-59adc8a5fdd3,b50fd673-8d58-4180-b2ef-47955935fdae,b787f7d0-ea7e-434f-b7bf-0c5f33c51bac,d77066ab-8bad-4c6f-bdb9-e3ac5622d5f1
4e7c4e8d-4915-4710-af1d-eeae36af7a91,a800b9b6-e423-4c3b-ab36-e61bb52d24f3,501fc796-8e86-421c-95b4-91c34586069b,5bb59e44-d308-4afa-82c7-db6878323f7e
4f242661-b866-4202-ac6a-a615c3617d7c,bb4ff8f0-77fe-4589-b2ff-63f0d04b314d,7664b85a-cfb0-4c58-bfdc-78380a9d06be,204de4dd-6ab9-4221-8bcc-c45d1aae4dfc
5063bb3e-26e4-4fa5-b1a0-57dfa0103807,6561c960-fc14-42f5-8963-be39c5954e00,47a0f07d-298b-43aa-bae0-af26a8918e66,07b3834f-5457-452b-9792-39297fd7f40a
51038f81-ee63-4464-9014-e93715d1d294,1cd56d67-2891-4b44-8873-4611318e8270,14d01ea3-8d4c-4850-ad69-a604cf1ee7cc,d4df8413-6314-4612-b20f-6aaa2b67e187
52dd59b8-3799-4abc-a9a0-a2da81029068,6561c960-fc14-42f5-8963-be39c5954e00,aa5b4c3a-0ecd-4568-80b3-01b532c65f65,07b3834f-5457-452b-9792-39297fd7f40a
55079322-4d07-4fcd-9d99-96c2ab152ca4,bb4ff8f0-77fe-4589-b2ff-63f0d04b314d,b102303c-233c-4bf2-b9ca-b12c57725973,204de4dd-6ab9-4221-8bcc-c45d1aae4dfc
55393c20-e5d8-4a61-8395-6bffe4078c44,d24bce9e-98e4-48b6-919d-195e5919096e,e9a5743a-c558-4f0f-9705-ad0e06262bb2,b65dca56-542c-4d26-8b59-a752f6baa4cc
56e0eaca-d65d-4810-988e-2bc41a31bd08,a800b9b6-e423-4c3b-ab36-e61bb52d24f3,884ae7fa-0d34-4864-bad0-1b15cecec72b,480c8789-5d49-46cb-8d22-a6c9bae3e7af
5d6329d1-6050-48a7-b1b3-cf997d73da1e,a800b9b6-e423-4c3b-ab36-e61bb52d24f3,3963c827-5266-490e-9bd1-920b70087a0a,480c8789-5d49-46cb-8d22-a6c9bae3e7af
5e90deaf-e65b-4259-ab30-7f44537b2c7f,6561c960-fc14-42f5-8963-be39c5954e00,75c3713c-1aa0-4758-af7e-cc0a1f464759,6cc13f26-d6bf-4b48-b0cd-0ed5b1af1329
5f761823-ad4b-47a2-a0db-3cfdbe58664b,a800b9b6-e423-4c3b-ab36-e61bb52d24f3,884ae7fa-0d34-4864-bad0-1b15cecec72b,5bb59e44-d308-4afa-82c7-db6878323f7e
62e68b9f-75f0-4d8f-9474-6c7457f11b51,a800b9b6-e423-4c3b-ab36-e61bb52d24f3,3c5d7fde-b991-4b61-bc1e-475543d54b21,d6cdb49a-c862-42d8-9b6e-6a25bacd381a
63e9f4b9-5a61-46f6-ad28-daf67aa977cf,1cd56d67-2891-4b44-8873-4611318e8270,abcae0e4-6520-4c0c-850f-6e3c210a1255,d4df8413-6314-4612-b20f-6aaa2b67e187
6479c3f9-acd1-4af3-a063-273ba902395b,bb4ff8f0-77fe-4589-b2ff-63f0d04b314d,4a6576d9-9dea-471e-8acb-78b03f30ab19,204de4dd-6ab9-4221-8bcc-c45d1aae4dfc
65e362f4-eb78-4064-b9c5-a1898ffdd391,1cd56d67-2891-4b44-8873-4611318e8270,38bcd6e2-a585-4131-bf90-b7dd154ccade,dab92f6a-3a4e-4aa0-9917-83fb28690da4
6823401d-c68b-41f7-af4a-6de09ed60672,bb4ff8f0-77fe-4589-b2ff-63f0d04b314d,204de4dd-6ab9-4221-8bcc-c45d1aae4dfc,f0d6011f-19d1-4075-bf7c-e40cdcc0c566
684993ea-c066-4438-b3c5-1f29da69acc5,a800b9b6-e423-4c3b-ab36-e61bb52d24f3,4dc60ea8-c409-4de9-a451-1c8f6a9d0171,5bb59e44-d308-4afa-82c7-db6878323f7e
68748877-e681-41b7-adb5-545a905b7e6b,a800b9b6-e423-4c3b-ab36-e61bb52d24f3,fb69e52c-71ac-4c7d-9a47-df41cdd232f3,5bb59e44-d308-4afa-82c7-db6878323f7e
68e24849-ec59-4680-ad00-0bd78c8514cb,b50fd673-8d58-4180-b2ef-47955935fdae,6905faf9-89fb-4197-a556-21631ac4560c,327adf38-7dcb-420e-90ea-6ed0f6b59fe4
6a3e1f13-6b23-4185-80df-32bef0b1fcfa,d24bce9e-98e4-48b6-919d-195e5919096e,e933854d-1812-42d2-a506-fbda7d255381,b65dca56-542c-4d26-8b59-a752f6baa4cc
6ba5c4be-c8d0-4ca6-8e92-dd7403b42983,e7843f54-a3a7-4e54-8149-7217496fcd6e,04701b10-04c4-4052-bf2a-c2b49d6cb9fc,0b240aff-4a75-4b15-8f19-6d06e46e68d5
6c64eb30-5b8a-40c3-902d-5162f798128d,bb4ff8f0-77fe-4589-b2ff-63f0d04b314d,1d2a26d1-e858-48e5-b7b5-87a92b1572c2,1c516da1-c952-4395-a036-b32330245369
6d2937e7-7046-4fd2-933e-1129fd37b227,6561c960-fc14-42f5-8963-be39c5954e00,73cfc4ee-3fc9-47f4-89c4-b76fdae4d20c,6cc13f26-d6bf-4b48-b0cd-0ed5b1af1329
6d94b83b-7718-4a78-bd89-8496448e0526,d24bce9e-98e4-48b6-919d-195e5919096e,b65dca56-542c-4d26-8b59-a752f6baa4cc,146b78e5-0e15-442c-95a0-6fae2fc9c45b
72ed1c15-e6df-4338-9e77-a5028bc1980a,b50fd673-8d58-4180-b2ef-47955935fdae,c0a9c38f-c288-4c55-8797-c1ff6353c764,d77066ab-8bad-4c6f-bdb9-e3ac5622d5f1
730ebd80-7e7a-43fe-a690-93b97248b482,1cd56d67-2891-4b44-8873-4611318e8270,87e7e052-3bc8-4e01-a326-f7f6db5fdc21,d4df8413-6314-4612-b20f-6aaa2b67e187
734aaf4a-6661-4b49-bffa-c2e7bea0d258,8be27730-7d15-4b10-8a96-1c83e2ea7acf,fdcc1747-2b0d-4b54-a719-45e24cd713e9,421827cc-6dce-47e8-8ddb-86a1c57e7abe
74beb341-47d1-4678-95b9-547e9e3d6488,d24bce9e-98e4-48b6-919d-195e5919096e,dea20453-6fa9-47a7-a5a9-5c8e58e393f8,b65dca56-542c-4d26-8b59-a752f6baa4cc
76c25d8f-c40e-4bc5-a056-c2f1fabbb45c,a800b9b6-e423-4c3b-ab36-e61bb52d24f3,a41b540e-96a5-40ba-90d8-69eca291362a,5bb59e44-d308-4afa-82c7-db6878323f7e
7738bdfe-abf5-41c2-8b64-cb902a4b1bc6,b50fd673-8d58-4180-b2ef-47955935fdae,6e7e3b33-9eaf-4253-b00c-a62229af8d6c,2483424a-b988-449d-b732-eda114114e46
78a0473f-5239-4ab1-b087-338fcffb4bbb,e7843f54-a3a7-4e54-8149-7217496fcd6e,d916285f-1f52-4b4a-8735-218506332561,0b240aff-4a75-4b15-8f19-6d06e46e68d5
7946e9e5-7c4f-4d21-b057-cd65a117f106,b50fd673-8d58-4180-b2ef-47955935fdae,386036bc-989b-455f-9773-0e5e004b84f8,b787f7d0-ea7e-434f-b7bf-0c5f33c51bac
79feac68-345f-4808-a360-200b12a584cc,d24bce9e-98e4-48b6-919d-195e5919096e,a675d1cb-6053-4089-9a89-3a48c462f42f,b65dca56-542c-4d26-8b59-a752f6baa4cc
7adea1d2-6da7-4e8e-be43-2bf256d77933,b50fd673-8d58-4180-b2ef-47955935fdae,7301bd71-077f-4b7e-8a43-b794f0a9b553,d77066ab-8bad-4c6f-bdb9-e3ac5622d5f1
7efb3693-c15f-4714-ac47-f491c7ed2bb1,bb4ff8f0-77fe-4589-b2ff-63f0d04b314d,f0d6011f-19d1-4075-bf7c-e40cdcc0c566,1d2a26d1-e858-48e5-b7b5-87a92b1572c2
80214a81-1c25-4b15-93e9-f098534eb2c0,b50fd673-8d58-4180-b2ef-47955935fdae,e2aabdcb-d3d7-45c8-a88a-58be442b292f,9e9aee29-7879-453f-a25c-3eb9896a350e
80845f84-7196-474d-a964-c95f673c166c,b50fd673-8d58-4180-b2ef-47955935fdae,0756dc90-f76c-4623-b9ea-6912efee8d15,518183c1-4129-4f11-8ada-3a53b360a51c
808864b7-4609-4340-8dcb-e481fdf09964,b50fd673-8d58-4180-b2ef-47955935fdae,518183c1-4129-4f11-8ada-3a53b360a51c,c9f346d4-01f1-4939-9d1a-20ba422df534
80ca2632-9929-45cd-b64b-be3e635530fa,6561c960-fc14-42f5-8963-be39c5954e00,0fbc4a5b-e69d-4020-97d9-3769b729cbeb,df9707b5-0143-4134-9f7f-dbb6078729d0
80effab1-11f9-4549-9b1b-8bc603350bd8,a800b9b6-e423-4c3b-ab36-e61bb52d24f3,717433f9-8c43-4e56-89ea-b23c06af7ff0,5bb59e44-d308-4afa-82c7-db6878323f7e
85010b8f-f732-40c1-b7be-0dc1a41dab5c,6561c960-fc14-42f5-8963-be39c5954e00,17ad89f1-f257-41cc-9558-c49ac2b6c61d,6cc13f26-d6bf-4b48-b0cd-0ed5b1af1329
8c7d5219-31dc-4c64-ad06-9304bae21ccf,1cd56d67-2891-4b44-8873-4611318e8270,a0cfa8ef-8961-45f9-bd1f-e8e9c5aaa7b3,d4df8413-6314-4612-b20f-6aaa2b67e187
90c22b88-a8d2-439b-a8cb-ffb44a5e1be5,b50fd673-8d58-4180-b2ef-47955935fdae,6e7e3b33-9eaf-4253-b00c-a62229af8d6c,d77066ab-8bad-4c6f-bdb9-e3ac5622d5f1
951bc4b8-f464-462a-a09f-549c0dc5da54,414bfec8-e824-4e0d-983e-dbd17d1c28b4,87597379-a6c3-4eb5-89f3-cd135d8791f7,6377ffc1-d02d-4448-aaa9-ea30b039b2c4
95a7974b-a462-4cf1-87a8-dee874f89fbb,bcac9f5d-a0c5-43d6-9739-e13737ef3a1c,0b6d865a-e0de-441a-b1db-3ebe6a070baf,b4e490b8-e3b1-4599-9837-125cda98dd59
95be65c9-bf77-405a-857c-ed14b504c895,bcac9f5d-a0c5-43d6-9739-e13737ef3a1c,5f074c68-c545-4932-ab95-95c116a432fe,e5092d1c-8173-4674-b271-bea03ad9ef0f
9608fb3e-e7a3-4517-8e81-dde733e62b29,6561c960-fc14-42f5-8963-be39c5954e00,df9707b5-0143-4134-9f7f-dbb6078729d0,e77b3607-8425-442b-9709-2df9862b1e04
963f9f9f-b9aa-49c8-8348-a7934382b7bc,bb4ff8f0-77fe-4589-b2ff-63f0d04b314d,cd0f849a-f086-4302-b941-d2cf40a8c143,204de4dd-6ab9-4221-8bcc-c45d1aae4dfc
96d0e23b-c5ae-4224-8a03-47112c13c414,a800b9b6-e423-4c3b-ab36-e61bb52d24f3,5bb59e44-d308-4afa-82c7-db6878323f7e,3c5d7fde-b991-4b61-bc1e-475543d54b21
9819039c-589f-4228-8d19-b6e7a90bffa3,6561c960-fc14-42f5-8963-be39c5954e00,47a0f07d-298b-43aa-bae0-af26a8918e66,29e5bca2-ad07-4211-a923-4434371e4565
9a6ab9e7-4a3c-406d-b6f5-537005f88b90,1cd56d67-2891-4b44-8873-4611318e8270,7037cf7f-59a7-465e-a6ab-a0c11f8e8628,d4df8413-6314-4612-b20f-6aaa2b67e187
9d4589ab-9325-4bb2-8ec4-69b8de0b46fd,e7843f54-a3a7-4e54-8149-7217496fcd6e,63ce14a0-5396-48b8-a3e4-a0a1c7aea93b,b342c4f0-82f1-4af4-af3f-111f10baaece
9d56bab7-5871-4e8d-9b52-430059ff038f,e7843f54-a3a7-4e54-8149-7217496fcd6e,7e50a30b-867a-448d-a3d5-92533c9662ec,047903ba-0906-4e50-a572-34733a72815b
9ed8feaf-4bb4-4df6-863e-93f41a9c9e8f,b50fd673-8d58-4180-b2ef-47955935fdae,386036bc-989b-455f-9773-0e5e004b84f8,0756dc90-f76c-4623-b9ea-6912efee8d15
9efc886e-2fc5-4c63-9303-116118d51ec9,d24bce9e-98e4-48b6-919d-195e5919096e,e45304b6-ad4d-422a-85cb-35dc47f9f31d,a3a54f5a-4e50-495f-80d8-a34a1c7c391a
a448bcb0-790f-4fb4-8653-14f42f8f1872,8be27730-7d15-4b10-8a96-1c83e2ea7acf,7096e540-f8af-425a-a405-c1e9acdc370a,421827cc-6dce-47e8-8ddb-86a1c57e7abe
a499ccea-de71-4e55-9a62-50490b607731,6561c960-fc14-42f5-8963-be39c5954e00,539ace1b-2ef3-4e9c-94ba-dcd1ae3e1752,e0aae716-d6a1-4615-9273-7663590546b8
a6e43810-a183-46b5-a862-47b1e4194faf,b50fd673-8d58-4180-b2ef-47955935fdae,49ef7a45-231a-42a8-b3eb-dc791b7e6bd7,d77066ab-8bad-4c6f-bdb9-e3ac5622d5f1
a9e775cc-dd8a-42b8-b0e7-44b564a7d1d1,e7843f54-a3a7-4e54-8149-7217496fcd6e,a9414d06-a1c0-4241-82fa-47f7bb2e5224,f2e4088f-46cb-4e4f-a3ef-e0ca0f0585f9
af791e17-1b5b-489c-b7bc-769b090d9d80,e7843f54-a3a7-4e54-8149-7217496fcd6e,eb2e3cfd-6def-459b-97d8-4cff60db8bcc,0b240aff-4a75-4b15-8f19-6d06e46e68d5
afa8fe45-59d6-4184-86ec-81b1b017b853,b50fd673-8d58-4180-b2ef-47955935fdae,49ef7a45-231a-42a8-b3eb-dc791b7e6bd7,2483424a-b988-449d-b732-eda114114e46
ba8cfb82-ae71-464d-ad92-48c852378c99,e7843f54-a3a7-4e54-8149-7217496fcd6e,ad669e82-b354-4149-80e7-f1ffbc4cd689,0b240aff-4a75-4b15-8f19-6d06e46e68d5
bad8e155-2785-4c91-8400-6215fa016928,a800b9b6-e423-4c3b-ab36-e61bb52d24f3,b3180c5b-dff2-4377-a034-b1ce0b0a451d,5bb59e44-d308-4afa-82c7-db6878323f7e
c01d1e13-68dc-412d-a4c0-ac8c86d66a16,b50fd673-8d58-4180-b2ef-47955935fdae,9e9aee29-7879-453f-a25c-3eb9896a350e,327adf38-7dcb-420e-90ea-6ed0f6b59fe4
c01e6320-a06a-41cc-98bb-0aeb34ee63e0,6561c960-fc14-42f5-8963-be39c5954e00,819ec4b2-9943-4af0-8bc1-554eb17e7a49,6cc13f26-d6bf-4b48-b0cd-0ed5b1af1329
c17fc356-4744-4c36-a5b3-5f17df6af002,6561c960-fc14-42f5-8963-be39c5954e00,6cc13f26-d6bf-4b48-b0cd-0ed5b1af1329,6c51f849-f513-478c-8791-f619aa64e6d9
c3333baa-c61c-44ea-88c4-a54106380b84,1cd56d67-2891-4b44-8873-4611318e8270,dab92f6a-3a4e-4aa0-9917-83fb28690da4,884ce176-4ed5-4daa-a6bd-04a8a8a74651
c471393a-28a7-4fd9-96ce-d86be2641302,6561c960-fc14-42f5-8963-be39c5954e00,e0aae716-d6a1-4615-9273-7663590546b8,b86ad7c7-f503-4d2b-a22c-49de1b9148f2
c4b61e83-dd1a-43b8-b4f0-354cfc83f26e,d24bce9e-98e4-48b6-919d-195e5919096e,afabde28-7b99-4912-bd0a-d670f08ba441,b65dca56-542c-4d26-8b59-a752f6baa4cc
c681b8e1-b61a-4851-ae4e-6c5316c4beea,414bfec8-e824-4e0d-983e-dbd17d1c28b4,6377ffc1-d02d-4448-aaa9-ea30b039b2c4,b78aec84-82d4-4077-8514-4282ea2a8a13
c6b64500-dd6b-4dbd-848e-a9769c0fabeb,e7843f54-a3a7-4e54-8149-7217496fcd6e,c180545b-243d-42a0-ae22-9a34311ce54b,0b240aff-4a75-4b15-8f19-6d06e46e68d5
c8b07aa4-c900-4dc5-93aa-dafdc061689b,6561c960-fc14-42f5-8963-be39c5954e00,df9707b5-0143-4134-9f7f-dbb6078729d0,47a0f07d-298b-43aa-bae0-af26a8918e66
cdaf2b83-86cc-4985-a6d2-2dc018fda6fb,e7843f54-a3a7-4e54-8149-7217496fcd6e,d5459c8c-6fd1-4b9c-865e-c1e5d5c463d2,0b240aff-4a75-4b15-8f19-6d06e46e68d5
ce2ccbfe-4b8c-4c24-8ec7-be5b5395519c,a800b9b6-e423-4c3b-ab36-e61bb52d24f3,e1d4be61-c909-45f5-bd0a-2497254934e9,480c8789-5d49-46cb-8d22-a6c9bae3e7af
cf73e020-d5f3-453a-b8cf-f0726bb21d5b,6561c960-fc14-42f5-8963-be39c5954e00,6cc13f26-d6bf-4b48-b0cd-0ed5b1af1329,e77b3607-8425-442b-9709-2df9862b1e04
d21b6cac-05f3-4f88-9438-9599dff00319,a800b9b6-e423-4c3b-ab36-e61bb52d24f3,3963c827-5266-490e-9bd1-920b70087a0a,5bb59e44-d308-4afa-82c7-db6878323f7e
d2931b4f-fd8a-48cf-9722-62d46bdfffc7,a800b9b6-e423-4c3b-ab36-e61bb52d24f3,4dc60ea8-c409-4de9-a451-1c8f6a9d0171,480c8789-5d49-46cb-8d22-a6c9bae3e7af
d360dd1c-bbf9-4ed1-8217-e92e150d1fd5,6561c960-fc14-42f5-8963-be39c5954e00,160bd474-bd77-40d8-92c2-f32d452e8a0f,6cc13f26-d6bf-4b48-b0cd-0ed5b1af1329
d56b243c-298d-4c60-bbc1-12f6f460cd26,1cd56d67-2891-4b44-8873-4611318e8270,d4df8413-6314-4612-b20f-6aaa2b67e187,38bcd6e2-a585-4131-bf90-b7dd154ccade
d69af0f9-ca3a-4d20-badb-3b1e3cc67c31,bb4ff8f0-77fe-4589-b2ff-63f0d04b314d,1c516da1-c952-4395-a036-b32330245369,65c6384f-2d63-4e09-99c5-f411aa1dbc26
d7471ea5-8b7e-4d2a-8b50-9d47b9f292b4,a800b9b6-e423-4c3b-ab36-e61bb52d24f3,b3180c5b-dff2-4377-a034-b1ce0b0a451d,480c8789-5d49-46cb-8d22-a6c9bae3e7af
d89797bb-4aa0-4d89-9efd-dc01dd26d2ad,6561c960-fc14-42f5-8963-be39c5954e00,e77b3607-8425-442b-9709-2df9862b1e04,29e5bca2-ad07-4211-a923-4434371e4565
d8c54d0c-0861-44d1-a124-05b7f0881725,b50fd673-8d58-4180-b2ef-47955935fdae,c0a9c38f-c288-4c55-8797-c1ff6353c764,2483424a-b988-449d-b732-eda114114e46
d8e8cae4-fb2d-4b53-bc6d-3ac928c16286,bcac9f5d-a0c5-43d6-9739-e13737ef3a1c,b97f3c01-3162-4a37-9f68-756d84c115be,5f074c68-c545-4932-ab95-95c116a432fe
d8ecd656-b232-477c-b0ef-9d2eb890c140,8be27730-7d15-4b10-8a96-1c83e2ea7acf,e5223fa1-837a-466a-9953-1a6f50b3a2d7,421827cc-6dce-47e8-8ddb-86a1c57e7abe
db5a7f3d-936e-4c46-846e-569e0af9ed15,e7843f54-a3a7-4e54-8149-7217496fcd6e,5694fc84-c4d4-4747-8530-16439103e4be,0b240aff-4a75-4b15-8f19-6d06e46e68d5
df8843ba-7049-473a-9d76-6b07ddafafd1,8be27730-7d15-4b10-8a96-1c83e2ea7acf,166b9341-aac3-4beb-8b5f-fc6a5d90d9c0,421827cc-6dce-47e8-8ddb-86a1c57e7abe
e1e79a10-c380-4066-8656-de9c90526de9,a800b9b6-e423-4c3b-ab36-e61bb52d24f3,a41b540e-96a5-40ba-90d8-69eca291362a,480c8789-5d49-46cb-8d22-a6c9bae3e7af
e3f47cee-6b71-48cc-b411-fc8190b7f582,6561c960-fc14-42f5-8963-be39c5954e00,2205532d-ed08-48ee-81ca-b83e311ed887,df9707b5-0143-4134-9f7f-dbb6078729d0
e421ad51-2f13-4fc5-bf38-b748ea83c08f,e7843f54-a3a7-4e54-8149-7217496fcd6e,bb7beda5-eb5c-45b8-81c3-0f3362d40c86,0b240aff-4a75-4b15-8f19-6d06e46e68d5
e7727736-0739-439a-b4c5-68580f414e3f,8be27730-7d15-4b10-8a96-1c83e2ea7acf,cac1f8c4-baa3-4eca-bb5d-2b062c91b889,421827cc-6dce-47e8-8ddb-86a1c57e7abe
e79bd3dd-203f-45d2-ba29-a82cb94f5e80,e7843f54-a3a7-4e54-8149-7217496fcd6e,f880ca03-4cdf-462e-931d-5405922220a9,0b240aff-4a75-4b15-8f19-6d06e46e68d5
e8291d89-9386-46f8-b99c-72a182af9590,6561c960-fc14-42f5-8963-be39c5954e00,4a2fde6d-cf62-4850-8b61-c779514b7c26,6cc13f26-d6bf-4b48-b0cd-0ed5b1af1329
e8a0d389-db18-454e-9224-7c170cf546d5,d24bce9e-98e4-48b6-919d-195e5919096e,28a12d79-650b-400c-b89b-a477e16c0a3b,b65dca56-542c-4d26-8b59-a752f6baa4cc
eafa1336-4af7-4dfc-a48e-421ce5dcb074,e7843f54-a3a7-4e54-8149-7217496fcd6e,f2e4088f-46cb-4e4f-a3ef-e0ca0f0585f9,d5459c8c-6fd1-4b9c-865e-c1e5d5c463d2
ec046a95-2c57-4467-90b5-5a09f4cdcfca,d24bce9e-98e4-48b6-919d-195e5919096e,9d023a7a-27b2-4a93-bb83-6920cad706e4,b65dca56-542c-4d26-8b59-a752f6baa4cc
ed713856-33c6-498a-8da0-15309965015e,b50fd673-8d58-4180-b2ef-47955935fdae,c9f346d4-01f1-4939-9d1a-20ba422df534,9e9aee29-7879-453f-a25c-3eb9896a350e
ee62807c-67fb-4bc7-8e00-9ace650b0b38,e7843f54-a3a7-4e54-8149-7217496fcd6e,047903ba-0906-4e50-a572-34733a72815b,b342c4f0-82f1-4af4-af3f-111f10baaece
f1a83563-f9c7-4cf6-959e-b87d29c96ea1,a800b9b6-e423-4c3b-ab36-e61bb52d24f3,c4482cfc-cf15-4c81-9cd2-837f00886f89,480c8789-5d49-46cb-8d22-a6c9bae3e7af
f1c82eee-2a58-4baf-a6a1-d33a17732a68,e7843f54-a3a7-4e54-8149-7217496fcd6e,0b240aff-4a75-4b15-8f19-6d06e46e68d5,7e50a30b-867a-448d-a3d5-92533c9662ec
f43f4874-6b0c-403a-b78b-1ea72908e031,a800b9b6-e423-4c3b-ab36-e61bb52d24f3,6171c950-bac2-41a1-a7a3-901f923d4339,5bb59e44-d308-4afa-82c7-db6878323f7e
f50a0987-1ba8-4152-8d8e-b22ea32c1373,e7843f54-a3a7-4e54-8149-7217496fcd6e,1518235c-3233-4962-b643-67160177f6a4,0b240aff-4a75-4b15-8f19-6d06e46e68d5
ff04051e-a9be-43f9-a2fd-f65c41d5f478,6561c960-fc14-42f5-8963-be39c5954e00,6cc13f26-d6bf-4b48-b0cd-0ed5b1af1329,aa5b4c3a-0ecd-4568-80b3-01b532c65f65
ff8ba995-2c9b-4b7c-a20e-58468e2ff0e0,1cd56d67-2891-4b44-8873-4611318e8270,9fdac9f8-b7fc-4ea2-80b7-b82c0e71a66f,d4df8413-6314-4612-b20f-6aaa2b67e187